"Name","Platform","Compiles","CompilesDouble","Uses","UsesDouble","PermutationString"
"/Engine/EngineMaterials/PhAT_JointLimitMaterial.PhAT_JointLimitMaterial","14","0","0","4","0","Compiling PhAT_JointLimitMaterial: Platform=PCD3D_ES31, Usage=LightingModel=MSM_Unlit, BlendMode=BLEND_Translucent, SpecialEngine=0, TwoSided=1, TSNormal=1, Masked=0, Distorted=0, WritesEveryPixel=1, ModifiesMeshPosition=1, Usage={}"
"/Engine/EngineMaterials/GizmoMaterial.GizmoMaterial","14","0","0","4","0","Compiling GizmoMaterial: Platform=PCD3D_ES31, Usage=LightingModel=MSM_Unlit, BlendMode=BLEND_Opaque, SpecialEngine=0, TwoSided=1, TSNormal=1, Masked=0, Distorted=0, WritesEveryPixel=1, ModifiesMeshPosition=0, Usage={}"
"/Engine/EngineMaterials/M_InvalidLightmapSettings.M_InvalidLightmapSettings","14","0","0","30","0","Compiling M_InvalidLightmapSettings: Platform=PCD3D_ES31, Usage=LightingModel=MSM_DefaultLit, BlendMode=BLEND_Opaque, SpecialEngine=0, TwoSided=0, TSNormal=1, Masked=0, Distorted=0, WritesEveryPixel=1, ModifiesMeshPosition=0, Usage={bUsedWithInstancedStaticMeshes}"
"/Engine/EngineMaterials/EmissiveMeshMaterial.EmissiveMeshMaterial","14","0","0","4","0","Compiling EmissiveMeshMaterial: Platform=PCD3D_ES31, Usage=LightingModel=MSM_Unlit, BlendMode=BLEND_Additive, SpecialEngine=0, TwoSided=1, TSNormal=1, Masked=0, Distorted=0, WritesEveryPixel=1, ModifiesMeshPosition=0, Usage={}"
"/Engine/EngineDebugMaterials/DebugMeshMaterial.DebugMeshMaterial","14","0","0","4","0","Compiling DebugMeshMaterial: Platform=PCD3D_ES31, Usage=LightingModel=MSM_Unlit, BlendMode=BLEND_Translucent, SpecialEngine=0, TwoSided=1, TSNormal=1, Masked=0, Distorted=0, WritesEveryPixel=1, ModifiesMeshPosition=0, Usage={}"
"/Engine/EngineMaterials/RemoveSurfaceMaterial.RemoveSurfaceMaterial","14","0","0","2","0","Compiling RemoveSurfaceMaterial: Platform=PCD3D_ES31, Usage=LightingModel=MSM_Unlit, BlendMode=BLEND_Opaque, SpecialEngine=0, TwoSided=0, TSNormal=1, Masked=0, Distorted=0, WritesEveryPixel=1, ModifiesMeshPosition=0, Usage={bUsedWithStaticLighting}"
"/OculusVR/Materials/TouchForQuestRiftSControllerMaterial.TouchForQuestRiftSControllerMaterial","14","0","0","15","0","Compiling TouchForQuestRiftSControllerMaterial: Platform=PCD3D_ES31, Usage=LightingModel=MSM_DefaultLit, BlendMode=BLEND_Opaque, SpecialEngine=0, TwoSided=0, TSNormal=1, Masked=0, Distorted=0, WritesEveryPixel=1, ModifiesMeshPosition=0, Usage={}"
"/OculusVR/Materials/touchController_mat.touchController_mat","14","0","0","30","0","Compiling touchController_mat: Platform=PCD3D_ES31, Usage=LightingModel=MSM_DefaultLit, BlendMode=BLEND_Opaque, SpecialEngine=0, TwoSided=0, TSNormal=1, Masked=0, Distorted=0, WritesEveryPixel=1, ModifiesMeshPosition=0, Usage={bUsedWithSkeletalMesh}"
"/OculusVR/Materials/OculusMR_OpaqueColoredMaterial.OculusMR_OpaqueColoredMaterial","14","0","0","2","0","Compiling OculusMR_OpaqueColoredMaterial: Platform=PCD3D_ES31, Usage=LightingModel=MSM_Unlit, BlendMode=BLEND_Opaque, SpecialEngine=0, TwoSided=0, TSNormal=1, Masked=0, Distorted=0, WritesEveryPixel=1, ModifiesMeshPosition=0, Usage={}"
"/OculusVR/Materials/OculusMR_ChromaKey.OculusMR_ChromaKey","14","0","0","2","0","Compiling OculusMR_ChromaKey: Platform=PCD3D_ES31, Usage=LightingModel=MSM_Unlit, BlendMode=BLEND_Translucent, SpecialEngine=0, TwoSided=0, TSNormal=1, Masked=0, Distorted=0, WritesEveryPixel=1, ModifiesMeshPosition=0, Usage={}"
"/OpenXR/Devices/M_XRController.M_XRController","14","0","0","30","0","Compiling M_XRController: Platform=PCD3D_ES31, Usage=LightingModel=MSM_DefaultLit, BlendMode=BLEND_Opaque, SpecialEngine=0, TwoSided=0, TSNormal=1, Masked=0, Distorted=0, WritesEveryPixel=1, ModifiesMeshPosition=0, Usage={bUsedWithMeshParticles}, StaticSwitch'FlipU2-1'=True, StaticSwitch'UseMR2-1'=True"
"/OpenXR/Devices/M_XRController.M_XRController","14","0","0","30","0","Compiling M_XRController: Platform=PCD3D_ES31, Usage=LightingModel=MSM_DefaultLit, BlendMode=BLEND_Opaque, SpecialEngine=0, TwoSided=0, TSNormal=1, Masked=0, Distorted=0, WritesEveryPixel=1, ModifiesMeshPosition=0, Usage={bUsedWithMeshParticles}"
"/OpenXR/Devices/M_XRController.M_XRController","14","0","0","30","0","Compiling M_XRController: Platform=PCD3D_ES31, Usage=LightingModel=MSM_DefaultLit, BlendMode=BLEND_Opaque, SpecialEngine=0, TwoSided=0, TSNormal=1, Masked=0, Distorted=0, WritesEveryPixel=1, ModifiesMeshPosition=0, Usage={bUsedWithMeshParticles}, StaticSwitch'FlipU2-1'=False, StaticSwitch'UseMR2-1'=True"
"/Engine/EngineDebugMaterials/M_VolumeRenderSphereTracePP.M_VolumeRenderSphereTracePP","14","0","0","4","0","Compiling M_VolumeRenderSphereTracePP: Platform=PCD3D_ES31, Usage=LightingModel=MSM_Unlit, BlendMode=BLEND_Opaque, SpecialEngine=0, TwoSided=0, TSNormal=1, Masked=0, Distorted=0, WritesEveryPixel=1, ModifiesMeshPosition=0, Usage={}"
"/SpeedTreeImporter/SpeedTree9/SpeedTreeBillboardMaster.SpeedTreeBillboardMaster","14","0","0","48","0","Compiling SpeedTreeBillboardMaster: Platform=PCD3D_ES31, Usage=LightingModel=MSM_TwoSidedFoliage, BlendMode=BLEND_Masked, SpecialEngine=0, TwoSided=0, TSNormal=1, Masked=1, Distorted=0, WritesEveryPixel=0, ModifiesMeshPosition=1, Usage={bUsedWithInstancedStaticMeshes}"
"/SpeedTreeImporter/SpeedTree9/SpeedTreeMaster.SpeedTreeMaster","14","0","0","108","0","Compiling SpeedTreeMaster: Platform=PCD3D_ES31, Usage=LightingModel=MSM_TwoSidedFoliage, BlendMode=BLEND_Masked, SpecialEngine=0, TwoSided=1, TSNormal=1, Masked=1, Distorted=0, WritesEveryPixel=0, ModifiesMeshPosition=1, Usage={bUsedWithStaticLighting,bUsedWithInstancedStaticMeshes}"
"/Engine/EngineDebugMaterials/WireframeMaterial.WireframeMaterial","14","0","0","246","0","Compiling WireframeMaterial: Platform=PCD3D_ES31, Usage=LightingModel=MSM_Unlit, BlendMode=BLEND_Opaque, SpecialEngine=1, TwoSided=0, TSNormal=1, Masked=0, Distorted=0, WritesEveryPixel=0, ModifiesMeshPosition=0, Usage={}"
"/Engine/EngineDebugMaterials/VertexColorMaterial.VertexColorMaterial","14","0","0","85","0","Compiling VertexColorMaterial: Platform=PCD3D_ES31, Usage=LightingModel=MSM_DefaultLit, BlendMode=BLEND_Opaque, SpecialEngine=0, TwoSided=1, TSNormal=1, Masked=0, Distorted=0, WritesEveryPixel=1, ModifiesMeshPosition=0, Usage={bUsedWithSkeletalMesh,bUsedWithInstancedStaticMeshes,bUsedWithGeometryCollections,bUsedWithGeometryCache}"
"/Engine/EngineMaterials/DefaultMaterial.DefaultMaterial","14","0","0","240","0","Compiling DefaultMaterial: Platform=PCD3D_ES31, Usage=LightingModel=MSM_DefaultLit, BlendMode=BLEND_Opaque, SpecialEngine=0, TwoSided=0, TSNormal=1, Masked=0, Distorted=0, WritesEveryPixel=1, ModifiesMeshPosition=0, Usage={bUsedWithSkeletalMesh,bUsedWithMeshParticles,bUsedWithStaticLighting,bUsedWithSplineMeshes,bUsedWithInstancedStaticMeshes,bUsedWithNiagaraSprites,bUsedWithNiagaraRibbons,bUsedWithNiagaraMeshParticles}"
"/Engine/ArtTools/RenderToTexture/Materials/Debug/M_Emissive_Color.M_Emissive_Color","14","0","0","2","0","Compiling M_Emissive_Color: Platform=PCD3D_ES31, Usage=LightingModel=MSM_Unlit, BlendMode=BLEND_Opaque, SpecialEngine=0, TwoSided=0, TSNormal=1, Masked=0, Distorted=0, WritesEveryPixel=1, ModifiesMeshPosition=0, Usage={bUsedWithStaticLighting}"
"/Paper2D/DefaultSpriteMaterial.DefaultSpriteMaterial","14","0","0","12","0","Compiling DefaultSpriteMaterial: Platform=PCD3D_ES31, Usage=LightingModel=MSM_Unlit, BlendMode=BLEND_Opaque, SpecialEngine=0, TwoSided=1, TSNormal=1, Masked=0, Distorted=0, WritesEveryPixel=1, ModifiesMeshPosition=0, Usage={bUsedWithNiagaraSprites}"
"/Paper2D/DefaultSpriteMaterial.DefaultSpriteMaterial","14","0","0","33","0","Compiling DefaultSpriteMaterial: Platform=PCD3D_ES31, Usage=LightingModel=MSM_Unlit, BlendMode=BLEND_Masked, SpecialEngine=0, TwoSided=1, TSNormal=1, Masked=1, Distorted=0, WritesEveryPixel=0, ModifiesMeshPosition=0, Usage={bUsedWithNiagaraSprites}"
"/OculusVR/Materials/PokeAHoleMaterial.PokeAHoleMaterial","14","0","0","2","0","Compiling PokeAHoleMaterial: Platform=PCD3D_ES31, Usage=LightingModel=MSM_Unlit, BlendMode=BLEND_Translucent, SpecialEngine=0, TwoSided=0, TSNormal=1, Masked=0, Distorted=0, WritesEveryPixel=1, ModifiesMeshPosition=0, Usage={bUsedWithStaticLighting}"
"/Engine/EngineDebugMaterials/M_SimpleUnlitTranslucent.M_SimpleUnlitTranslucent","14","0","0","2","0","Compiling M_SimpleUnlitTranslucent: Platform=PCD3D_ES31, Usage=LightingModel=MSM_Unlit, BlendMode=BLEND_Translucent, SpecialEngine=0, TwoSided=0, TSNormal=1, Masked=0, Distorted=0, WritesEveryPixel=1, ModifiesMeshPosition=0, Usage={}"
"/Engine/EditorMaterials/Camera/CineMat.CineMat","14","0","0","60","0","Compiling CineMat: Platform=PCD3D_ES31, Usage=LightingModel=MSM_DefaultLit, BlendMode=BLEND_Opaque, SpecialEngine=0, TwoSided=0, TSNormal=1, Masked=0, Distorted=0, WritesEveryPixel=1, ModifiesMeshPosition=0, Usage={bUsedWithSplineMeshes,bUsedWithNiagaraSprites}"
"/Engine/VREditor/TransformGizmo/TranslucentTransformGizmoMaterial.TranslucentTransformGizmoMaterial","14","0","0","2","0","Compiling TranslucentTransformGizmoMaterial: Platform=PCD3D_ES31, Usage=LightingModel=MSM_Unlit, BlendMode=BLEND_Translucent, SpecialEngine=0, TwoSided=0, TSNormal=1, Masked=0, Distorted=0, WritesEveryPixel=1, ModifiesMeshPosition=0, Usage={}"
"/Engine/VREditor/TransformGizmo/TransformGizmoMaterial.TransformGizmoMaterial","14","0","0","2","0","Compiling TransformGizmoMaterial: Platform=PCD3D_ES31, Usage=LightingModel=MSM_Unlit, BlendMode=BLEND_Opaque, SpecialEngine=0, TwoSided=0, TSNormal=1, Masked=0, Distorted=0, WritesEveryPixel=1, ModifiesMeshPosition=0, Usage={}"
"/Engine/EngineMaterials/Widget3DPassThrough.Widget3DPassThrough","14","0","0","11","0","Compiling Widget3DPassThrough: Platform=PCD3D_ES31, Usage=LightingModel=MSM_Unlit, BlendMode=BLEND_Masked, SpecialEngine=0, TwoSided=0, TSNormal=1, Masked=1, Distorted=0, WritesEveryPixel=0, ModifiesMeshPosition=0, Usage={}"
"/Engine/EngineMaterials/Widget3DPassThrough.Widget3DPassThrough","14","0","0","11","0","Compiling Widget3DPassThrough: Platform=PCD3D_ES31, Usage=LightingModel=MSM_Unlit, BlendMode=BLEND_Masked, SpecialEngine=0, TwoSided=1, TSNormal=1, Masked=1, Distorted=0, WritesEveryPixel=0, ModifiesMeshPosition=0, Usage={}"
"/Engine/EngineMaterials/Widget3DPassThrough.Widget3DPassThrough","14","0","0","2","0","Compiling Widget3DPassThrough: Platform=PCD3D_ES31, Usage=LightingModel=MSM_Unlit, BlendMode=BLEND_Opaque, SpecialEngine=0, TwoSided=0, TSNormal=1, Masked=0, Distorted=0, WritesEveryPixel=1, ModifiesMeshPosition=0, Usage={}"
"/Engine/EngineMaterials/Widget3DPassThrough.Widget3DPassThrough","14","0","0","4","0","Compiling Widget3DPassThrough: Platform=PCD3D_ES31, Usage=LightingModel=MSM_Unlit, BlendMode=BLEND_Opaque, SpecialEngine=0, TwoSided=1, TSNormal=1, Masked=0, Distorted=0, WritesEveryPixel=1, ModifiesMeshPosition=0, Usage={}"
"/Engine/EngineMaterials/Widget3DPassThrough.Widget3DPassThrough","14","0","0","2","0","Compiling Widget3DPassThrough: Platform=PCD3D_ES31, Usage=LightingModel=MSM_Unlit, BlendMode=BLEND_Translucent, SpecialEngine=0, TwoSided=0, TSNormal=1, Masked=0, Distorted=0, WritesEveryPixel=1, ModifiesMeshPosition=0, Usage={}"
"/Engine/EngineMaterials/Widget3DPassThrough.Widget3DPassThrough","14","0","0","4","0","Compiling Widget3DPassThrough: Platform=PCD3D_ES31, Usage=LightingModel=MSM_Unlit, BlendMode=BLEND_Translucent, SpecialEngine=0, TwoSided=1, TSNormal=1, Masked=0, Distorted=0, WritesEveryPixel=1, ModifiesMeshPosition=0, Usage={}"
"/Engine/VREditor/TransformGizmo/Xray.Xray","14","0","0","15","0","Compiling Xray: Platform=PCD3D_ES31, Usage=LightingModel=MSM_DefaultLit, BlendMode=BLEND_Opaque, SpecialEngine=0, TwoSided=0, TSNormal=1, Masked=0, Distorted=0, WritesEveryPixel=1, ModifiesMeshPosition=0, Usage={}"
"/Engine/VREditor/TransformGizmo/Main.Main","14","0","0","2","0","Compiling Main: Platform=PCD3D_ES31, Usage=LightingModel=MSM_Unlit, BlendMode=BLEND_Translucent, SpecialEngine=0, TwoSided=0, TSNormal=1, Masked=0, Distorted=0, WritesEveryPixel=1, ModifiesMeshPosition=0, Usage={}"
"/Engine/EngineMaterials/BaseFlattenMaterial.BaseFlattenMaterial","14","0","0","53","0","Compiling BaseFlattenMaterial: Platform=PCD3D_ES31, Usage=LightingModel=MSM_DefaultLit, BlendMode=BLEND_Opaque, SpecialEngine=0, TwoSided=0, TSNormal=1, Masked=0, Distorted=0, WritesEveryPixel=1, ModifiesMeshPosition=1, Usage={bUsedWithStaticLighting}"
"/Engine/EngineSky/VolumetricClouds/m_SimpleVolumetricCloud.m_SimpleVolumetricCloud","14","0","0","10","0","Compiling m_SimpleVolumetricCloud: Platform=PCD3D_ES31, Usage=LightingModel=MSM_DefaultLit, BlendMode=BLEND_Additive, SpecialEngine=0, TwoSided=0, TSNormal=1, Masked=0, Distorted=0, WritesEveryPixel=1, ModifiesMeshPosition=0, Usage={}"
"/Engine/EngineMaterials/DefaultPostProcessMaterial.DefaultPostProcessMaterial","14","0","0","10","0","Compiling DefaultPostProcessMaterial: Platform=PCD3D_ES31, Usage=LightingModel=MSM_Unlit, BlendMode=BLEND_Opaque, SpecialEngine=0, TwoSided=0, TSNormal=1, Masked=0, Distorted=0, WritesEveryPixel=1, ModifiesMeshPosition=0, Usage={bUsedWithSkeletalMesh,bUsedWithStaticLighting}"
"/Engine/EngineMaterials/DefaultLightFunctionMaterial.DefaultLightFunctionMaterial","14","0","0","4","0","Compiling DefaultLightFunctionMaterial: Platform=PCD3D_ES31, Usage=LightingModel=MSM_Unlit, BlendMode=BLEND_Opaque, SpecialEngine=0, TwoSided=0, TSNormal=1, Masked=0, Distorted=0, WritesEveryPixel=1, ModifiesMeshPosition=0, Usage={}"
"/Engine/EngineMaterials/DefaultDeferredDecalMaterial.DefaultDeferredDecalMaterial","14","0","0","77","0","Compiling DefaultDeferredDecalMaterial: Platform=PCD3D_ES31, Usage=LightingModel=MSM_DefaultLit, BlendMode=BLEND_Translucent, SpecialEngine=0, TwoSided=0, TSNormal=1, Masked=0, Distorted=0, WritesEveryPixel=1, ModifiesMeshPosition=0, Usage={bUsedWithSkeletalMesh,bUsedWithStaticLighting,bUsedWithSplineMeshes}"
"/Engine/EngineMaterials/WorldGridMaterial.WorldGridMaterial","14","0","0","699","0","Compiling WorldGridMaterial: Platform=PCD3D_ES31, Usage=LightingModel=MSM_DefaultLit, BlendMode=BLEND_Opaque, SpecialEngine=1, TwoSided=0, TSNormal=1, Masked=0, Distorted=0, WritesEveryPixel=1, ModifiesMeshPosition=0, Usage={}"
"/Engine/EngineMaterials/DefaultTextMaterialOpaque.DefaultTextMaterialOpaque","14","0","0","24","0","Compiling DefaultTextMaterialOpaque: Platform=PCD3D_ES31, Usage=LightingModel=MSM_DefaultLit, BlendMode=BLEND_Masked, SpecialEngine=0, TwoSided=1, TSNormal=1, Masked=1, Distorted=0, WritesEveryPixel=0, ModifiesMeshPosition=0, Usage={}"
"/Engine/EngineMaterials/PPM_DefaultCalibrationGrayscale.PPM_DefaultCalibrationGrayscale","14","0","0","4","0","Compiling PPM_DefaultCalibrationGrayscale: Platform=PCD3D_ES31, Usage=LightingModel=MSM_Unlit, BlendMode=BLEND_Opaque, SpecialEngine=0, TwoSided=0, TSNormal=1, Masked=0, Distorted=0, WritesEveryPixel=1, ModifiesMeshPosition=0, Usage={}"
"/Engine/EngineMaterials/PPM_DefaultCalibrationColor.PPM_DefaultCalibrationColor","14","0","0","4","0","Compiling PPM_DefaultCalibrationColor: Platform=PCD3D_ES31, Usage=LightingModel=MSM_Unlit, BlendMode=BLEND_Opaque, SpecialEngine=0, TwoSided=0, TSNormal=1, Masked=0, Distorted=0, WritesEveryPixel=1, ModifiesMeshPosition=0, Usage={}"
"/Game/VFXSeries1/Materials/ParentMaterials/M_DemoWallPattern.M_DemoWallPattern","14","45","0","17","161","Compiling M_DemoWallPattern: Platform=PCD3D_ES31, Usage=LightingModel=MSM_DefaultLit, BlendMode=BLEND_Opaque, SpecialEngine=0, TwoSided=0, TSNormal=1, Masked=0, Distorted=0, WritesEveryPixel=1, ModifiesMeshPosition=0, Usage={bUsedWithStaticLighting}, StaticSwitch'MirrorText2-1'=False, StaticSwitch'UseDecal2-1'=True"
"/Game/VFXSeries1/Materials/ParentMaterials/M_DemoWallPattern.M_DemoWallPattern","14","45","0","1","256","Compiling M_DemoWallPattern: Platform=PCD3D_ES31, Usage=LightingModel=MSM_DefaultLit, BlendMode=BLEND_Opaque, SpecialEngine=0, TwoSided=0, TSNormal=1, Masked=0, Distorted=0, WritesEveryPixel=1, ModifiesMeshPosition=0, Usage={bUsedWithStaticLighting}, StaticSwitch'MirrorText2-1'=True, StaticSwitch'UseDecal2-1'=False"
"/Game/VFXSeries1/Materials/ParentMaterials/M_DemoWallPattern.M_DemoWallPattern","14","45","0","10","175","Compiling M_DemoWallPattern: Platform=PCD3D_ES31, Usage=LightingModel=MSM_DefaultLit, BlendMode=BLEND_Opaque, SpecialEngine=0, TwoSided=0, TSNormal=1, Masked=0, Distorted=0, WritesEveryPixel=1, ModifiesMeshPosition=0, Usage={bUsedWithStaticLighting}"
"/Game/VFXSeries1/Materials/ParentMaterials/M_Glass.M_Glass","14","30","0","2","390","Compiling M_Glass: Platform=PCD3D_ES31, Usage=LightingModel=MSM_DefaultLit, BlendMode=BLEND_Translucent, SpecialEngine=0, TwoSided=0, TSNormal=1, Masked=0, Distorted=0, WritesEveryPixel=1, ModifiesMeshPosition=0, Usage={bUsedWithStaticLighting}, StaticSwitch'UseDecal2-1'=False"
"/Game/VFXSeries1/Materials/ParentMaterials/M_Glass.M_Glass","14","30","0","10","367","Compiling M_Glass: Platform=PCD3D_ES31, Usage=LightingModel=MSM_DefaultLit, BlendMode=BLEND_Translucent, SpecialEngine=0, TwoSided=0, TSNormal=1, Masked=0, Distorted=0, WritesEveryPixel=1, ModifiesMeshPosition=0, Usage={bUsedWithStaticLighting}"
"/Engine/Functions/Engine_MaterialFunctions02/ExampleContent/PivotPainter2/SimplePivotPainterExampleMat.SimplePivotPainterExampleMat","14","0","0","53","0","Compiling SimplePivotPainterExampleMat: Platform=PCD3D_ES31, Usage=LightingModel=MSM_DefaultLit, BlendMode=BLEND_Opaque, SpecialEngine=0, TwoSided=0, TSNormal=0, Masked=0, Distorted=0, WritesEveryPixel=1, ModifiesMeshPosition=1, Usage={bUsedWithStaticLighting}"
"/Engine/Functions/Engine_MaterialFunctions02/ExampleContent/PivotPainter2/SimplePivotPainterExampleMat.SimplePivotPainterExampleMat","14","0","0","53","0","Compiling SimplePivotPainterExampleMat: Platform=PCD3D_ES31, Usage=LightingModel=MSM_DefaultLit, BlendMode=BLEND_Opaque, SpecialEngine=0, TwoSided=0, TSNormal=0, Masked=0, Distorted=0, WritesEveryPixel=1, ModifiesMeshPosition=1, Usage={bUsedWithStaticLighting}, StaticSwitch'Allow Wind 1 Calculations To Affect Wind 2's Rotation2-1'=False, StaticSwitch'Allow Wind 1 Calculations To Affect Wind 3's Rotation2-1'=False, StaticSwitch'Allow Wind 1 Calculations To Affect Wind 4's Rotation2-1'=False, StaticSwitch'Allow Wind 2 Calculations To Affect Wind 3's Rotation2-1'=False, StaticSwitch'Allow Wind 2 Calculations To Affect Wind 4's Rotation2-1'=False, StaticSwitch'Animate Level 12-1'=False, StaticSwitch'Animate Level 1 Normals2-1'=True, StaticSwitch'Animate Level 22-1'=True, StaticSwitch'Animate Level 2 Normals2-1'=True, StaticSwitch'Animate Level 32-1'=True, StaticSwitch'Animate Level 3 Normals2-1'=True, StaticSwitch'Animate Level 42-1'=True, StaticSwitch'Animate Level 4 Normals2-1'=True, StaticSwitch'Expose Previous Frame Time2-1'=False, StaticSwitch'Manually Control Pivot Painter 2 Foliage Animation Time2-1'=False"
"/Game/VFXSeries1/Materials/Lightning/M_LightningRing01.M_LightningRing01","14","0","0","20","0","Compiling M_LightningRing01: Platform=PCD3D_ES31, Usage=LightingModel=MSM_Unlit, BlendMode=BLEND_Additive, SpecialEngine=0, TwoSided=1, TSNormal=1, Masked=0, Distorted=0, WritesEveryPixel=1, ModifiesMeshPosition=0, Usage={bUsedWithParticleSprites,bUsedWithBeamTrails,bUsedWithMeshParticles}"
"/Game/VFXSeries1/Materials/Energy/M_Healthfresnel.M_Healthfresnel","14","0","0","24","0","Compiling M_Healthfresnel: Platform=PCD3D_ES31, Usage=LightingModel=MSM_DefaultLit, BlendMode=BLEND_Translucent, SpecialEngine=0, TwoSided=1, TSNormal=1, Masked=0, Distorted=0, WritesEveryPixel=1, ModifiesMeshPosition=0, Usage={bUsedWithMeshParticles}"
"/Game/VFXSeries1/Materials/Energy/M_GreenSparks.M_GreenSparks","14","0","0","10","0","Compiling M_GreenSparks: Platform=PCD3D_ES31, Usage=LightingModel=MSM_Unlit, BlendMode=BLEND_Additive, SpecialEngine=0, TwoSided=0, TSNormal=1, Masked=0, Distorted=0, WritesEveryPixel=1, ModifiesMeshPosition=0, Usage={bUsedWithParticleSprites,bUsedWithBeamTrails,bUsedWithMeshParticles}"
"/Game/Particles/Materials/M_Burst.M_Burst","14","0","0","48","0","Compiling M_Burst: Platform=PCD3D_ES31, Usage=LightingModel=MSM_DefaultLit, BlendMode=BLEND_Translucent, SpecialEngine=0, TwoSided=0, TSNormal=1, Masked=0, Distorted=1, WritesEveryPixel=1, ModifiesMeshPosition=0, Usage={bUsedWithParticleSprites,bUsedWithMeshParticles}"
"/Paper2D/DefaultLitSpriteMaterial.DefaultLitSpriteMaterial","14","0","0","24","0","Compiling DefaultLitSpriteMaterial: Platform=PCD3D_ES31, Usage=LightingModel=MSM_DefaultLit, BlendMode=BLEND_Masked, SpecialEngine=0, TwoSided=1, TSNormal=1, Masked=1, Distorted=0, WritesEveryPixel=0, ModifiesMeshPosition=0, Usage={}"
"/Paper2D/DefaultLitSpriteMaterial.DefaultLitSpriteMaterial","14","0","0","12","0","Compiling DefaultLitSpriteMaterial: Platform=PCD3D_ES31, Usage=LightingModel=MSM_DefaultLit, BlendMode=BLEND_Translucent, SpecialEngine=0, TwoSided=1, TSNormal=1, Masked=0, Distorted=0, WritesEveryPixel=1, ModifiesMeshPosition=0, Usage={}"
"/Engine/BasicShapes/BasicShapeMaterial.BasicShapeMaterial","14","0","0","135","0","Compiling BasicShapeMaterial: Platform=PCD3D_ES31, Usage=LightingModel=MSM_DefaultLit, BlendMode=BLEND_Opaque, SpecialEngine=0, TwoSided=0, TSNormal=1, Masked=0, Distorted=0, WritesEveryPixel=1, ModifiesMeshPosition=0, Usage={bUsedWithStaticLighting,bUsedWithInstancedStaticMeshes,bUsedWithGeometryCollections}"
"/Game/VFXSeries1/Materials/Energy/Shield/M_DepthShield.M_DepthShield","14","0","0","16","0","Compiling M_DepthShield: Platform=PCD3D_ES31, Usage=LightingModel=MSM_Unlit, BlendMode=BLEND_Translucent, SpecialEngine=0, TwoSided=1, TSNormal=1, Masked=0, Distorted=0, WritesEveryPixel=1, ModifiesMeshPosition=0, Usage={bUsedWithParticleSprites,bUsedWithMeshParticles}"
"/Game/VFXSeries1/Materials/Lightning/M_Lightning02.M_Lightning02","14","0","0","20","0","Compiling M_Lightning02: Platform=PCD3D_ES31, Usage=LightingModel=MSM_Unlit, BlendMode=BLEND_Additive, SpecialEngine=0, TwoSided=1, TSNormal=1, Masked=0, Distorted=0, WritesEveryPixel=1, ModifiesMeshPosition=0, Usage={bUsedWithParticleSprites,bUsedWithBeamTrails,bUsedWithMeshParticles}"
"/Game/VFXSeries1/Materials/Lightning/M_Lightning01.M_Lightning01","14","0","0","20","0","Compiling M_Lightning01: Platform=PCD3D_ES31, Usage=LightingModel=MSM_Unlit, BlendMode=BLEND_Additive, SpecialEngine=0, TwoSided=1, TSNormal=1, Masked=0, Distorted=0, WritesEveryPixel=1, ModifiesMeshPosition=0, Usage={bUsedWithParticleSprites,bUsedWithBeamTrails,bUsedWithMeshParticles}"
"/Game/VFXSeries1/Materials/LensFlare/M_Lensflare_02.M_Lensflare_02","14","0","0","20","0","Compiling M_Lensflare_02: Platform=PCD3D_ES31, Usage=LightingModel=MSM_Unlit, BlendMode=BLEND_Additive, SpecialEngine=0, TwoSided=1, TSNormal=1, Masked=0, Distorted=0, WritesEveryPixel=1, ModifiesMeshPosition=0, Usage={bUsedWithParticleSprites,bUsedWithBeamTrails,bUsedWithMeshParticles,bUsedWithStaticLighting}"
"/Game/VFXSeries1/Materials/Energy/M_InnerGlow2.M_InnerGlow2","14","0","0","40","0","Compiling M_InnerGlow2: Platform=PCD3D_ES31, Usage=LightingModel=MSM_DefaultLit, BlendMode=BLEND_Translucent, SpecialEngine=0, TwoSided=0, TSNormal=1, Masked=0, Distorted=0, WritesEveryPixel=1, ModifiesMeshPosition=0, Usage={bUsedWithParticleSprites,bUsedWithMeshParticles}"
"/Game/Particles/Materials/M_SparksBlue.M_SparksBlue","14","0","0","10","0","Compiling M_SparksBlue: Platform=PCD3D_ES31, Usage=LightingModel=MSM_Unlit, BlendMode=BLEND_Additive, SpecialEngine=0, TwoSided=0, TSNormal=1, Masked=0, Distorted=0, WritesEveryPixel=1, ModifiesMeshPosition=0, Usage={bUsedWithParticleSprites,bUsedWithBeamTrails,bUsedWithMeshParticles}"
"/Game/Particles/Materials/M_SmokeParticle.M_SmokeParticle","14","0","0","48","0","Compiling M_SmokeParticle: Platform=PCD3D_ES31, Usage=LightingModel=MSM_DefaultLit, BlendMode=BLEND_Additive, SpecialEngine=0, TwoSided=1, TSNormal=1, Masked=0, Distorted=0, WritesEveryPixel=1, ModifiesMeshPosition=0, Usage={bUsedWithParticleSprites,bUsedWithBeamTrails}"
"/Game/Particles/Materials/M_Plasmaclouds3.M_Plasmaclouds3","14","0","0","30","0","Compiling M_Plasmaclouds3: Platform=PCD3D_ES31, Usage=LightingModel=MSM_DefaultLit, BlendMode=BLEND_Translucent, SpecialEngine=0, TwoSided=0, TSNormal=1, Masked=0, Distorted=0, WritesEveryPixel=1, ModifiesMeshPosition=0, Usage={bUsedWithParticleSprites}"
"/Game/Particles/Materials/m_flare_03.m_flare_03","14","0","0","6","0","Compiling m_flare_03: Platform=PCD3D_ES31, Usage=LightingModel=MSM_Unlit, BlendMode=BLEND_Additive, SpecialEngine=0, TwoSided=0, TSNormal=1, Masked=0, Distorted=0, WritesEveryPixel=1, ModifiesMeshPosition=0, Usage={bUsedWithParticleSprites}"
"/Game/Particles/Materials/M_Flare.M_Flare","14","0","0","8","0","Compiling M_Flare: Platform=PCD3D_ES31, Usage=LightingModel=MSM_Unlit, BlendMode=BLEND_Translucent, SpecialEngine=0, TwoSided=0, TSNormal=1, Masked=0, Distorted=0, WritesEveryPixel=1, ModifiesMeshPosition=0, Usage={bUsedWithParticleSprites,bUsedWithMeshParticles}"
"/Game/Particles/Materials/M_FireParticle_02.M_FireParticle_02","14","0","0","8","0","Compiling M_FireParticle_02: Platform=PCD3D_ES31, Usage=LightingModel=MSM_Unlit, BlendMode=BLEND_Additive, SpecialEngine=0, TwoSided=0, TSNormal=1, Masked=0, Distorted=0, WritesEveryPixel=1, ModifiesMeshPosition=0, Usage={bUsedWithParticleSprites,bUsedWithBeamTrails}"
"/Game/Particles/Materials/M_FireBlueParticle.M_FireBlueParticle","14","0","0","8","0","Compiling M_FireBlueParticle: Platform=PCD3D_ES31, Usage=LightingModel=MSM_Unlit, BlendMode=BLEND_Additive, SpecialEngine=0, TwoSided=0, TSNormal=1, Masked=0, Distorted=0, WritesEveryPixel=1, ModifiesMeshPosition=0, Usage={bUsedWithParticleSprites,bUsedWithBeamTrails}"
"/Game/Materials/M_Balls/Crystal/MasterMaterial.MasterMaterial","14","0","0","53","53","Compiling MasterMaterial: Platform=PCD3D_ES31, Usage=LightingModel=MSM_DefaultLit, BlendMode=BLEND_Opaque, SpecialEngine=0, TwoSided=0, TSNormal=1, Masked=0, Distorted=0, WritesEveryPixel=1, ModifiesMeshPosition=1, Usage={bUsedWithStaticLighting}"
"/Game/Materials/FakeFog/M_FakeFog.M_FakeFog","14","0","0","30","0","Compiling M_FakeFog: Platform=PCD3D_ES31, Usage=LightingModel=MSM_DefaultLit, BlendMode=BLEND_Translucent, SpecialEngine=0, TwoSided=0, TSNormal=1, Masked=0, Distorted=0, WritesEveryPixel=1, ModifiesMeshPosition=0, Usage={bUsedWithParticleSprites}"
"/Engine/EditorMaterials/WidgetMaterial_Y.WidgetMaterial_Y","14","0","0","4","0","Compiling WidgetMaterial_Y: Platform=PCD3D_ES31, Usage=LightingModel=MSM_Unlit, BlendMode=BLEND_Opaque, SpecialEngine=0, TwoSided=1, TSNormal=1, Masked=0, Distorted=0, WritesEveryPixel=1, ModifiesMeshPosition=0, Usage={}"
"/Engine/EditorMaterials/WidgetMaterial_X.WidgetMaterial_X","14","0","0","4","0","Compiling WidgetMaterial_X: Platform=PCD3D_ES31, Usage=LightingModel=MSM_Unlit, BlendMode=BLEND_Opaque, SpecialEngine=0, TwoSided=1, TSNormal=1, Masked=0, Distorted=0, WritesEveryPixel=1, ModifiesMeshPosition=0, Usage={}"
"/Game/Materials/IceBalls/MasterMaterial.MasterMaterial","14","0","0","75","75","Compiling MasterMaterial: Platform=PCD3D_ES31, Usage=LightingModel=MSM_DefaultLit, BlendMode=BLEND_Opaque, SpecialEngine=0, TwoSided=0, TSNormal=1, Masked=0, Distorted=0, WritesEveryPixel=1, ModifiesMeshPosition=0, Usage={bUsedWithStaticLighting,bUsedWithNiagaraSprites}"
"/Game/VFXSeries1/Materials/Lightning/M_LightningX01.M_LightningX01","14","0","0","60","0","Compiling M_LightningX01: Platform=PCD3D_ES31, Usage=LightingModel=MSM_DefaultLit, BlendMode=BLEND_Translucent, SpecialEngine=0, TwoSided=1, TSNormal=1, Masked=0, Distorted=0, WritesEveryPixel=1, ModifiesMeshPosition=0, Usage={bUsedWithParticleSprites,bUsedWithBeamTrails,bUsedWithMeshParticles}"
"/Engine/EditorMaterials/PreviewShadowIndicatorMaterial.PreviewShadowIndicatorMaterial","14","0","0","2","0","Compiling PreviewShadowIndicatorMaterial: Platform=PCD3D_ES31, Usage=LightingModel=MSM_Unlit, BlendMode=BLEND_Opaque, SpecialEngine=0, TwoSided=0, TSNormal=1, Masked=0, Distorted=0, WritesEveryPixel=1, ModifiesMeshPosition=0, Usage={}"
"/Engine/EngineDebugMaterials/DebugEditorMaterial.DebugEditorMaterial","14","0","0","4","0","Compiling DebugEditorMaterial: Platform=PCD3D_ES31, Usage=LightingModel=MSM_Unlit, BlendMode=BLEND_Opaque, SpecialEngine=0, TwoSided=1, TSNormal=1, Masked=0, Distorted=0, WritesEveryPixel=1, ModifiesMeshPosition=0, Usage={}"
"/Game/VFXSeries1/Materials/LensFlare/M_LensFlare02.M_LensFlare02","14","8","0","1","25","Compiling M_LensFlare02: Platform=PCD3D_ES31, Usage=LightingModel=MSM_Unlit, BlendMode=BLEND_Additive, SpecialEngine=0, TwoSided=0, TSNormal=1, Masked=0, Distorted=0, WritesEveryPixel=1, ModifiesMeshPosition=0, Usage={bUsedWithParticleSprites,bUsedWithBeamTrails,bUsedWithStaticLighting}"
"/Game/VFXSeries1/Materials/Energy/Plasma/M_PlasmablueSpark.M_PlasmablueSpark","14","8","0","8","14","Compiling M_PlasmablueSpark: Platform=PCD3D_ES31, Usage=LightingModel=MSM_Unlit, BlendMode=BLEND_Additive, SpecialEngine=0, TwoSided=0, TSNormal=1, Masked=0, Distorted=0, WritesEveryPixel=1, ModifiesMeshPosition=0, Usage={bUsedWithParticleSprites,bUsedWithBeamTrails}"
"/Game/VFXSeries1/Materials/M_smoke_subUV.M_smoke_subUV","14","6","0","4","17","Compiling M_smoke_subUV: Platform=PCD3D_ES31, Usage=LightingModel=MSM_Unlit, BlendMode=BLEND_Translucent, SpecialEngine=0, TwoSided=0, TSNormal=1, Masked=0, Distorted=0, WritesEveryPixel=1, ModifiesMeshPosition=0, Usage={bUsedWithParticleSprites}"
"/Game/VFXSeries1/Materials/M_Missile.M_Missile","14","30","0","1","135","Compiling M_Missile: Platform=PCD3D_ES31, Usage=LightingModel=MSM_DefaultLit, BlendMode=BLEND_Opaque, SpecialEngine=0, TwoSided=0, TSNormal=1, Masked=0, Distorted=0, WritesEveryPixel=1, ModifiesMeshPosition=0, Usage={bUsedWithMeshParticles}"
"/Engine/Tutorial/SubEditors/TutorialAssets/M_smoke_subUV_blackbody.M_smoke_subUV_blackbody","14","6","0","6","6","Compiling M_smoke_subUV_blackbody: Platform=PCD3D_ES31, Usage=LightingModel=MSM_Unlit, BlendMode=BLEND_Translucent, SpecialEngine=0, TwoSided=0, TSNormal=1, Masked=0, Distorted=0, WritesEveryPixel=1, ModifiesMeshPosition=0, Usage={bUsedWithParticleSprites}"
"/Game/VFXSeries1/Materials/M_RocketExhaust.M_RocketExhaust","14","30","0","3","119","Compiling M_RocketExhaust: Platform=PCD3D_ES31, Usage=LightingModel=MSM_DefaultLit, BlendMode=BLEND_Translucent, SpecialEngine=0, TwoSided=0, TSNormal=1, Masked=0, Distorted=0, WritesEveryPixel=1, ModifiesMeshPosition=0, Usage={bUsedWithParticleSprites}"
"/Game/VFXSeries1/Materials/Energy/Beam/M_Plasma_Tracer.M_Plasma_Tracer","14","10","0","10","13","Compiling M_Plasma_Tracer: Platform=PCD3D_ES31, Usage=LightingModel=MSM_Unlit, BlendMode=BLEND_Translucent, SpecialEngine=0, TwoSided=0, TSNormal=1, Masked=0, Distorted=0, WritesEveryPixel=1, ModifiesMeshPosition=0, Usage={bUsedWithParticleSprites,bUsedWithBeamTrails,bUsedWithMeshParticles}"
"/Game/VFXSeries1/Materials/Energy/M_LightningCircle01.M_LightningCircle01","14","8","0","8","12","Compiling M_LightningCircle01: Platform=PCD3D_ES31, Usage=LightingModel=MSM_Unlit, BlendMode=BLEND_Translucent, SpecialEngine=0, TwoSided=0, TSNormal=1, Masked=0, Distorted=0, WritesEveryPixel=1, ModifiesMeshPosition=0, Usage={bUsedWithParticleSprites,bUsedWithMeshParticles}"
"/Game/VFXSeries1/Materials/Energy/Plasma/M_ShockwaveWind.M_ShockwaveWind","14","16","0","16","26","Compiling M_ShockwaveWind: Platform=PCD3D_ES31, Usage=LightingModel=MSM_Unlit, BlendMode=BLEND_Translucent, SpecialEngine=0, TwoSided=1, TSNormal=1, Masked=0, Distorted=0, WritesEveryPixel=1, ModifiesMeshPosition=0, Usage={bUsedWithParticleSprites,bUsedWithMeshParticles}"
"/Game/VFXSeries1/Materials/ParentMaterials/DefaultTextMaterialTranslucentUnlit.DefaultTextMaterialTranslucentUnlit","14","12","0","12","15","Compiling DefaultTextMaterialTranslucentUnlit: Platform=PCD3D_ES31, Usage=LightingModel=MSM_DefaultLit, BlendMode=BLEND_Translucent, SpecialEngine=0, TwoSided=1, TSNormal=1, Masked=0, Distorted=0, WritesEveryPixel=1, ModifiesMeshPosition=0, Usage={}"
"/Game/VFXSeries1/Materials/ParentMaterials/M_DemoWall.M_DemoWall","14","64","0","1","355","Compiling M_DemoWall: Platform=PCD3D_ES31, Usage=LightingModel=MSM_DefaultLit, BlendMode=BLEND_Opaque, SpecialEngine=0, TwoSided=1, TSNormal=1, Masked=0, Distorted=0, WritesEveryPixel=1, ModifiesMeshPosition=0, Usage={bUsedWithSkeletalMesh,bUsedWithStaticLighting,bUsedWithClothing}"
"/Game/VFXSeries1/Materials/Energy/Plasma/M_PlasmaImpact.M_PlasmaImpact","14","30","0","4","96","Compiling M_PlasmaImpact: Platform=PCD3D_ES31, Usage=LightingModel=MSM_DefaultLit, BlendMode=BLEND_Translucent, SpecialEngine=0, TwoSided=0, TSNormal=1, Masked=0, Distorted=0, WritesEveryPixel=1, ModifiesMeshPosition=0, Usage={bUsedWithParticleSprites}"
"/Game/VFXSeries1/Materials/ParentMaterials/M_Sparks.M_Sparks","14","6","0","6","6","Compiling M_Sparks: Platform=PCD3D_ES31, Usage=LightingModel=MSM_Unlit, BlendMode=BLEND_Additive, SpecialEngine=0, TwoSided=0, TSNormal=1, Masked=0, Distorted=0, WritesEveryPixel=1, ModifiesMeshPosition=0, Usage={bUsedWithParticleSprites}"
"/Game/VFXSeries1/Materials/Energy/Plasma/M_PlasmaBlueDecal.M_PlasmaBlueDecal","14","43","0","10","202","Compiling M_PlasmaBlueDecal: Platform=PCD3D_ES31, Usage=LightingModel=MSM_DefaultLit, BlendMode=BLEND_Translucent, SpecialEngine=0, TwoSided=1, TSNormal=1, Masked=0, Distorted=0, WritesEveryPixel=1, ModifiesMeshPosition=0, Usage={bUsedWithParticleSprites}"
"/Game/VFXSeries1/Materials/M_Plasmaclouds.M_Plasmaclouds","14","6","0","6","6","Compiling M_Plasmaclouds: Platform=PCD3D_ES31, Usage=LightingModel=MSM_Unlit, BlendMode=BLEND_Additive, SpecialEngine=0, TwoSided=0, TSNormal=1, Masked=0, Distorted=0, WritesEveryPixel=1, ModifiesMeshPosition=0, Usage={bUsedWithParticleSprites}"
"/Game/VFXSeries1/Materials/Energy/M_smoke_subUV.M_smoke_subUV","14","30","0","8","125","Compiling M_smoke_subUV: Platform=PCD3D_ES31, Usage=LightingModel=MSM_DefaultLit, BlendMode=BLEND_Translucent, SpecialEngine=0, TwoSided=0, TSNormal=1, Masked=0, Distorted=0, WritesEveryPixel=1, ModifiesMeshPosition=0, Usage={bUsedWithParticleSprites}"
"/Game/VFXSeries1/Materials/Energy/M_RadialGradient.M_RadialGradient","14","8","0","8","14","Compiling M_RadialGradient: Platform=PCD3D_ES31, Usage=LightingModel=MSM_Unlit, BlendMode=BLEND_Additive, SpecialEngine=0, TwoSided=0, TSNormal=1, Masked=0, Distorted=0, WritesEveryPixel=1, ModifiesMeshPosition=0, Usage={bUsedWithParticleSprites,bUsedWithBeamTrails}"
"/Game/VFXSeries1/Materials/M_muzzle_flash_subUV.M_muzzle_flash_subUV","14","6","0","6","10","Compiling M_muzzle_flash_subUV: Platform=PCD3D_ES31, Usage=LightingModel=MSM_Unlit, BlendMode=BLEND_Additive, SpecialEngine=0, TwoSided=0, TSNormal=1, Masked=0, Distorted=0, WritesEveryPixel=1, ModifiesMeshPosition=0, Usage={bUsedWithParticleSprites}"
"/Game/VFXSeries1/Materials/Energy/Plasma/Wormhole/M_WormholeRed.M_WormholeRed","14","40","0","4","146","Compiling M_WormholeRed: Platform=PCD3D_ES31, Usage=LightingModel=MSM_DefaultLit, BlendMode=BLEND_Translucent, SpecialEngine=0, TwoSided=0, TSNormal=1, Masked=0, Distorted=0, WritesEveryPixel=1, ModifiesMeshPosition=0, Usage={bUsedWithParticleSprites,bUsedWithMeshParticles}"
"/Game/VFXSeries1/Materials/Energy/M_ParticleAttractorSimple.M_ParticleAttractorSimple","14","6","0","6","6","Compiling M_ParticleAttractorSimple: Platform=PCD3D_ES31, Usage=LightingModel=MSM_Unlit, BlendMode=BLEND_Additive, SpecialEngine=0, TwoSided=0, TSNormal=1, Masked=0, Distorted=0, WritesEveryPixel=1, ModifiesMeshPosition=0, Usage={bUsedWithParticleSprites}"
"/Game/VFXSeries1/Materials/Lightning/M_PortalTear02.M_PortalTear02","14","55","0","10","275","Compiling M_PortalTear02: Platform=PCD3D_ES31, Usage=LightingModel=MSM_Unlit, BlendMode=BLEND_Masked, SpecialEngine=0, TwoSided=1, TSNormal=1, Masked=1, Distorted=0, WritesEveryPixel=0, ModifiesMeshPosition=0, Usage={bUsedWithParticleSprites,bUsedWithBeamTrails,bUsedWithMeshParticles}"
"/Game/VFXSeries1/Materials/Lightning/M_PortalTear01.M_PortalTear01","14","55","0","8","242","Compiling M_PortalTear01: Platform=PCD3D_ES31, Usage=LightingModel=MSM_Unlit, BlendMode=BLEND_Masked, SpecialEngine=0, TwoSided=1, TSNormal=1, Masked=1, Distorted=0, WritesEveryPixel=0, ModifiesMeshPosition=0, Usage={bUsedWithParticleSprites,bUsedWithBeamTrails,bUsedWithMeshParticles}"
"/Game/VFXSeries1/Materials/ParticleMaterials/M_Healing.M_Healing","14","6","0","6","8","Compiling M_Healing: Platform=PCD3D_ES31, Usage=LightingModel=MSM_Unlit, BlendMode=BLEND_Additive, SpecialEngine=0, TwoSided=0, TSNormal=1, Masked=0, Distorted=0, WritesEveryPixel=1, ModifiesMeshPosition=0, Usage={bUsedWithParticleSprites}"
"/Game/VFXSeries1/Materials/ParticleMaterials/M_Beam.M_Beam","14","8","0","8","10","Compiling M_Beam: Platform=PCD3D_ES31, Usage=LightingModel=MSM_Unlit, BlendMode=BLEND_Additive, SpecialEngine=0, TwoSided=0, TSNormal=1, Masked=0, Distorted=0, WritesEveryPixel=1, ModifiesMeshPosition=0, Usage={bUsedWithParticleSprites,bUsedWithBeamTrails}"
"/Game/VFXSeries1/Materials/LensFlare/M_LensFlare02Animated.M_LensFlare02Animated","14","8","0","8","8","Compiling M_LensFlare02Animated: Platform=PCD3D_ES31, Usage=LightingModel=MSM_Unlit, BlendMode=BLEND_Additive, SpecialEngine=0, TwoSided=0, TSNormal=1, Masked=0, Distorted=0, WritesEveryPixel=1, ModifiesMeshPosition=0, Usage={bUsedWithParticleSprites,bUsedWithBeamTrails,bUsedWithStaticLighting}"
"/Game/VFXSeries1/Materials/LensFlare/m_flare_01.m_flare_01","14","8","0","8","8","Compiling m_flare_01: Platform=PCD3D_ES31, Usage=LightingModel=MSM_Unlit, BlendMode=BLEND_Additive, SpecialEngine=0, TwoSided=0, TSNormal=1, Masked=0, Distorted=0, WritesEveryPixel=1, ModifiesMeshPosition=0, Usage={bUsedWithParticleSprites,bUsedWithBeamTrails}"
"/Game/VFXSeries1/Materials/Energy/M_FragShock.M_FragShock","14","16","0","16","26","Compiling M_FragShock: Platform=PCD3D_ES31, Usage=LightingModel=MSM_Unlit, BlendMode=BLEND_Translucent, SpecialEngine=0, TwoSided=1, TSNormal=1, Masked=0, Distorted=0, WritesEveryPixel=1, ModifiesMeshPosition=0, Usage={bUsedWithParticleSprites,bUsedWithMeshParticles}"
"/Game/VFXSeries1/Materials/M_Spark.M_Spark","14","6","0","6","6","Compiling M_Spark: Platform=PCD3D_ES31, Usage=LightingModel=MSM_Unlit, BlendMode=BLEND_Additive, SpecialEngine=0, TwoSided=0, TSNormal=1, Masked=0, Distorted=0, WritesEveryPixel=1, ModifiesMeshPosition=0, Usage={bUsedWithParticleSprites}"
"/Game/VFXSeries1/Materials/M_FireParticle.M_FireParticle","14","8","0","8","8","Compiling M_FireParticle: Platform=PCD3D_ES31, Usage=LightingModel=MSM_Unlit, BlendMode=BLEND_Additive, SpecialEngine=0, TwoSided=0, TSNormal=1, Masked=0, Distorted=0, WritesEveryPixel=1, ModifiesMeshPosition=0, Usage={bUsedWithParticleSprites,bUsedWithBeamTrails}"
"/Game/VFXSeries1/Materials/M_explosion_subUV.M_explosion_subUV","14","6","0","6","10","Compiling M_explosion_subUV: Platform=PCD3D_ES31, Usage=LightingModel=MSM_Unlit, BlendMode=BLEND_Additive, SpecialEngine=0, TwoSided=0, TSNormal=1, Masked=0, Distorted=0, WritesEveryPixel=1, ModifiesMeshPosition=0, Usage={bUsedWithParticleSprites}"
"/Game/VFXSeries1/Materials/Energy/M_PlasmaTrailHeat2.M_PlasmaTrailHeat2","14","8","0","8","10","Compiling M_PlasmaTrailHeat2: Platform=PCD3D_ES31, Usage=LightingModel=MSM_Unlit, BlendMode=BLEND_Additive, SpecialEngine=0, TwoSided=0, TSNormal=1, Masked=0, Distorted=0, WritesEveryPixel=1, ModifiesMeshPosition=0, Usage={bUsedWithParticleSprites,bUsedWithMeshParticles}"
"/Game/VFXSeries1/Materials/Energy/M_PlasmaTrailHeat.M_PlasmaTrailHeat","14","8","0","8","8","Compiling M_PlasmaTrailHeat: Platform=PCD3D_ES31, Usage=LightingModel=MSM_Unlit, BlendMode=BLEND_Additive, SpecialEngine=0, TwoSided=0, TSNormal=1, Masked=0, Distorted=0, WritesEveryPixel=1, ModifiesMeshPosition=0, Usage={bUsedWithParticleSprites,bUsedWithMeshParticles}"
"/Game/VFXSeries1/Materials/Energy/M_Singularity01.M_Singularity01","14","30","0","10","80","Compiling M_Singularity01: Platform=PCD3D_ES31, Usage=LightingModel=MSM_DefaultLit, BlendMode=BLEND_Translucent, SpecialEngine=0, TwoSided=0, TSNormal=1, Masked=0, Distorted=0, WritesEveryPixel=1, ModifiesMeshPosition=0, Usage={bUsedWithParticleSprites}"
"/Game/VFXSeries1/Materials/LensFlare/M_Lensflare_01.M_Lensflare_01","14","6","0","6","6","Compiling M_Lensflare_01: Platform=PCD3D_ES31, Usage=LightingModel=MSM_Unlit, BlendMode=BLEND_Additive, SpecialEngine=0, TwoSided=0, TSNormal=1, Masked=0, Distorted=0, WritesEveryPixel=1, ModifiesMeshPosition=0, Usage={bUsedWithParticleSprites,bUsedWithStaticLighting}"
"/Engine/EditorMaterials/MatineeCam_mat.MatineeCam_mat","14","0","0","15","0","Compiling MatineeCam_mat: Platform=PCD3D_ES31, Usage=LightingModel=MSM_DefaultLit, BlendMode=BLEND_Opaque, SpecialEngine=0, TwoSided=0, TSNormal=1, Masked=0, Distorted=0, WritesEveryPixel=1, ModifiesMeshPosition=0, Usage={}"
"/Game/VFXSeries1/Materials/Lightning/M_PortalRingBlue.M_PortalRingBlue","14","55","0","10","283","Compiling M_PortalRingBlue: Platform=PCD3D_ES31, Usage=LightingModel=MSM_Unlit, BlendMode=BLEND_Masked, SpecialEngine=0, TwoSided=1, TSNormal=1, Masked=1, Distorted=0, WritesEveryPixel=0, ModifiesMeshPosition=0, Usage={bUsedWithParticleSprites,bUsedWithBeamTrails,bUsedWithMeshParticles}"
"/Game/VFXSeries1/Materials/Lightning/M_PortalRingRed.M_PortalRingRed","14","55","0","10","238","Compiling M_PortalRingRed: Platform=PCD3D_ES31, Usage=LightingModel=MSM_Unlit, BlendMode=BLEND_Masked, SpecialEngine=0, TwoSided=1, TSNormal=1, Masked=1, Distorted=0, WritesEveryPixel=0, ModifiesMeshPosition=0, Usage={bUsedWithParticleSprites,bUsedWithBeamTrails,bUsedWithMeshParticles}"
"/Game/VFXSeries1/Materials/Energy/Plasma/Wormhole/M_WormholeBlue.M_WormholeBlue","14","40","0","3","173","Compiling M_WormholeBlue: Platform=PCD3D_ES31, Usage=LightingModel=MSM_DefaultLit, BlendMode=BLEND_Translucent, SpecialEngine=0, TwoSided=0, TSNormal=1, Masked=0, Distorted=0, WritesEveryPixel=1, ModifiesMeshPosition=0, Usage={bUsedWithParticleSprites,bUsedWithMeshParticles}"
"/Game/VFXSeries1/Materials/Energy/M_InnerGlow.M_InnerGlow","14","60","0","6","288","Compiling M_InnerGlow: Platform=PCD3D_ES31, Usage=LightingModel=MSM_DefaultLit, BlendMode=BLEND_Opaque, SpecialEngine=0, TwoSided=0, TSNormal=1, Masked=0, Distorted=0, WritesEveryPixel=1, ModifiesMeshPosition=0, Usage={bUsedWithParticleSprites,bUsedWithMeshParticles}"
"/Game/VFXSeries1/Materials/ParentMaterials/Mat_BlankMetal.Mat_BlankMetal","14","60","0","1","306","Compiling Mat_BlankMetal: Platform=PCD3D_ES31, Usage=LightingModel=MSM_DefaultLit, BlendMode=BLEND_Opaque, SpecialEngine=0, TwoSided=0, TSNormal=1, Masked=0, Distorted=0, WritesEveryPixel=1, ModifiesMeshPosition=0, Usage={bUsedWithSkeletalMesh,bUsedWithStaticLighting}"
"/Game/VFXSeries1/Materials/Energy/Beam/M_LaserBeamBlue2.M_LaserBeamBlue2","14","49","0","10","202","Compiling M_LaserBeamBlue2: Platform=PCD3D_ES31, Usage=LightingModel=MSM_DefaultLit, BlendMode=BLEND_Translucent, SpecialEngine=0, TwoSided=1, TSNormal=1, Masked=0, Distorted=1, WritesEveryPixel=1, ModifiesMeshPosition=0, Usage={bUsedWithParticleSprites}"
"/Game/VFXSeries1/Materials/ParentMaterials/M_RoundCeilingLight_Mat.M_RoundCeilingLight_Mat","14","45","0","10","180","Compiling M_RoundCeilingLight_Mat: Platform=PCD3D_ES31, Usage=LightingModel=MSM_DefaultLit, BlendMode=BLEND_Opaque, SpecialEngine=0, TwoSided=0, TSNormal=1, Masked=0, Distorted=0, WritesEveryPixel=1, ModifiesMeshPosition=0, Usage={bUsedWithStaticLighting}"
"/Game/VFXSeries1/Materials/ParentMaterials/M_DemoRoomTiles.M_DemoRoomTiles","14","60","0","5","295","Compiling M_DemoRoomTiles: Platform=PCD3D_ES31, Usage=LightingModel=MSM_DefaultLit, BlendMode=BLEND_Opaque, SpecialEngine=0, TwoSided=0, TSNormal=1, Masked=0, Distorted=0, WritesEveryPixel=1, ModifiesMeshPosition=0, Usage={bUsedWithSkeletalMesh,bUsedWithStaticLighting}"
"/Game/VFXSeries1/Materials/ParentMaterials/M_LightTube.M_LightTube","14","8","0","8","11","Compiling M_LightTube: Platform=PCD3D_ES31, Usage=LightingModel=MSM_Unlit, BlendMode=BLEND_Opaque, SpecialEngine=0, TwoSided=0, TSNormal=1, Masked=0, Distorted=0, WritesEveryPixel=1, ModifiesMeshPosition=0, Usage={bUsedWithParticleSprites,bUsedWithMeshParticles,bUsedWithStaticLighting}"
"/Game/MobileStarterContent/Materials/M_Basic_Wall.M_Basic_Wall","14","45","0","8","174","Compiling M_Basic_Wall: Platform=PCD3D_ES31, Usage=LightingModel=MSM_DefaultLit, BlendMode=BLEND_Opaque, SpecialEngine=0, TwoSided=0, TSNormal=1, Masked=0, Distorted=0, WritesEveryPixel=1, ModifiesMeshPosition=0, Usage={bUsedWithStaticLighting}"
"/Game/MobileStarterContent/Props/Materials/M_Frame.M_Frame","14","45","0","10","190","Compiling M_Frame: Platform=PCD3D_ES31, Usage=LightingModel=MSM_DefaultLit, BlendMode=BLEND_Opaque, SpecialEngine=0, TwoSided=0, TSNormal=1, Masked=0, Distorted=0, WritesEveryPixel=1, ModifiesMeshPosition=0, Usage={bUsedWithStaticLighting}"
"/Game/MobileStarterContent/Props/Materials/M_TableRound.M_TableRound","14","45","0","8","174","Compiling M_TableRound: Platform=PCD3D_ES31, Usage=LightingModel=MSM_DefaultLit, BlendMode=BLEND_Opaque, SpecialEngine=0, TwoSided=0, TSNormal=1, Masked=0, Distorted=0, WritesEveryPixel=1, ModifiesMeshPosition=0, Usage={bUsedWithStaticLighting}"
"/Game/MobileStarterContent/Props/Materials/M_StatueGlass.M_StatueGlass","14","30","0","8","106","Compiling M_StatueGlass: Platform=PCD3D_ES31, Usage=LightingModel=MSM_DefaultLit, BlendMode=BLEND_Translucent, SpecialEngine=0, TwoSided=0, TSNormal=1, Masked=0, Distorted=0, WritesEveryPixel=1, ModifiesMeshPosition=0, Usage={bUsedWithStaticLighting}"
"/Game/MobileStarterContent/Props/Materials/M_Statue.M_Statue","14","45","0","10","202","Compiling M_Statue: Platform=PCD3D_ES31, Usage=LightingModel=MSM_DefaultLit, BlendMode=BLEND_Opaque, SpecialEngine=0, TwoSided=0, TSNormal=1, Masked=0, Distorted=0, WritesEveryPixel=1, ModifiesMeshPosition=0, Usage={bUsedWithStaticLighting}"
"/Game/MobileStarterContent/Materials/M_Glass.M_Glass","14","30","0","10","107","Compiling M_Glass: Platform=PCD3D_ES31, Usage=LightingModel=MSM_DefaultLit, BlendMode=BLEND_Translucent, SpecialEngine=0, TwoSided=0, TSNormal=1, Masked=0, Distorted=0, WritesEveryPixel=1, ModifiesMeshPosition=0, Usage={bUsedWithStaticLighting}"
"/Game/MobileStarterContent/Props/Materials/M_Chair.M_Chair","14","45","0","8","174","Compiling M_Chair: Platform=PCD3D_ES31, Usage=LightingModel=MSM_DefaultLit, BlendMode=BLEND_Opaque, SpecialEngine=0, TwoSided=0, TSNormal=1, Masked=0, Distorted=0, WritesEveryPixel=1, ModifiesMeshPosition=0, Usage={bUsedWithStaticLighting}"
"/Game/MobileStarterContent/Particles/Materials/M_Dust_Particle.M_Dust_Particle","14","40","0","8","164","Compiling M_Dust_Particle: Platform=PCD3D_ES31, Usage=LightingModel=MSM_DefaultLit, BlendMode=BLEND_Translucent, SpecialEngine=0, TwoSided=0, TSNormal=1, Masked=0, Distorted=0, WritesEveryPixel=1, ModifiesMeshPosition=0, Usage={bUsedWithParticleSprites,bUsedWithMeshParticles}"
"/Game/MobileStarterContent/Materials/M_Basic_Floor.M_Basic_Floor","14","45","0","10","209","Compiling M_Basic_Floor: Platform=PCD3D_ES31, Usage=LightingModel=MSM_DefaultLit, BlendMode=BLEND_Opaque, SpecialEngine=0, TwoSided=0, TSNormal=1, Masked=0, Distorted=0, WritesEveryPixel=1, ModifiesMeshPosition=0, Usage={bUsedWithStaticLighting}"
"/Game/MobileStarterContent/Materials/M_Wood_Walnut.M_Wood_Walnut","14","45","0","8","174","Compiling M_Wood_Walnut: Platform=PCD3D_ES31, Usage=LightingModel=MSM_DefaultLit, BlendMode=BLEND_Opaque, SpecialEngine=0, TwoSided=0, TSNormal=1, Masked=0, Distorted=0, WritesEveryPixel=1, ModifiesMeshPosition=0, Usage={bUsedWithStaticLighting}"
"/Game/MobileStarterContent/Materials/M_Wood_Pine.M_Wood_Pine","14","45","0","10","218","Compiling M_Wood_Pine: Platform=PCD3D_ES31, Usage=LightingModel=MSM_DefaultLit, BlendMode=BLEND_Opaque, SpecialEngine=0, TwoSided=0, TSNormal=1, Masked=0, Distorted=0, WritesEveryPixel=1, ModifiesMeshPosition=0, Usage={bUsedWithStaticLighting}"
"/Game/MobileStarterContent/Materials/M_Wood_Oak.M_Wood_Oak","14","45","0","8","174","Compiling M_Wood_Oak: Platform=PCD3D_ES31, Usage=LightingModel=MSM_DefaultLit, BlendMode=BLEND_Opaque, SpecialEngine=0, TwoSided=0, TSNormal=1, Masked=0, Distorted=0, WritesEveryPixel=1, ModifiesMeshPosition=0, Usage={bUsedWithStaticLighting}"
"/Game/MobileStarterContent/Materials/M_Wood_Floor_Walnut_Worn.M_Wood_Floor_Walnut_Worn","14","45","0","10","209","Compiling M_Wood_Floor_Walnut_Worn: Platform=PCD3D_ES31, Usage=LightingModel=MSM_DefaultLit, BlendMode=BLEND_Opaque, SpecialEngine=0, TwoSided=0, TSNormal=1, Masked=0, Distorted=0, WritesEveryPixel=1, ModifiesMeshPosition=0, Usage={bUsedWithStaticLighting}"
"/Game/MobileStarterContent/Materials/M_Wood_Floor_Walnut_Polished.M_Wood_Floor_Walnut_Polished","14","45","0","8","174","Compiling M_Wood_Floor_Walnut_Polished: Platform=PCD3D_ES31, Usage=LightingModel=MSM_DefaultLit, BlendMode=BLEND_Opaque, SpecialEngine=0, TwoSided=0, TSNormal=1, Masked=0, Distorted=0, WritesEveryPixel=1, ModifiesMeshPosition=0, Usage={bUsedWithStaticLighting}"
"/Game/MobileStarterContent/Materials/M_Water_Ocean.M_Water_Ocean","14","45","0","10","231","Compiling M_Water_Ocean: Platform=PCD3D_ES31, Usage=LightingModel=MSM_DefaultLit, BlendMode=BLEND_Opaque, SpecialEngine=0, TwoSided=0, TSNormal=1, Masked=0, Distorted=0, WritesEveryPixel=1, ModifiesMeshPosition=0, Usage={bUsedWithStaticLighting}"
"/Game/MobileStarterContent/Materials/M_Water_Lake.M_Water_Lake","14","45","0","8","174","Compiling M_Water_Lake: Platform=PCD3D_ES31, Usage=LightingModel=MSM_DefaultLit, BlendMode=BLEND_Opaque, SpecialEngine=0, TwoSided=0, TSNormal=1, Masked=0, Distorted=0, WritesEveryPixel=1, ModifiesMeshPosition=0, Usage={bUsedWithStaticLighting}"
"/Game/MobileStarterContent/Materials/M_Tech_Panel.M_Tech_Panel","14","45","0","2","205","Compiling M_Tech_Panel: Platform=PCD3D_ES31, Usage=LightingModel=MSM_DefaultLit, BlendMode=BLEND_Opaque, SpecialEngine=0, TwoSided=0, TSNormal=1, Masked=0, Distorted=0, WritesEveryPixel=1, ModifiesMeshPosition=0, Usage={bUsedWithStaticLighting}"
"/Game/MobileStarterContent/Materials/M_Tech_Hex_Tile_Pulse.M_Tech_Hex_Tile_Pulse","14","45","0","8","181","Compiling M_Tech_Hex_Tile_Pulse: Platform=PCD3D_ES31, Usage=LightingModel=MSM_DefaultLit, BlendMode=BLEND_Opaque, SpecialEngine=0, TwoSided=0, TSNormal=1, Masked=0, Distorted=0, WritesEveryPixel=1, ModifiesMeshPosition=0, Usage={bUsedWithStaticLighting}"
"/Game/MobileStarterContent/Materials/M_Tech_Hex_Tile.M_Tech_Hex_Tile","14","45","0","10","201","Compiling M_Tech_Hex_Tile: Platform=PCD3D_ES31, Usage=LightingModel=MSM_DefaultLit, BlendMode=BLEND_Opaque, SpecialEngine=0, TwoSided=0, TSNormal=1, Masked=0, Distorted=0, WritesEveryPixel=1, ModifiesMeshPosition=0, Usage={bUsedWithStaticLighting}"
"/Game/MobileStarterContent/Materials/M_Tech_Checker_Dot.M_Tech_Checker_Dot","14","45","0","8","174","Compiling M_Tech_Checker_Dot: Platform=PCD3D_ES31, Usage=LightingModel=MSM_DefaultLit, BlendMode=BLEND_Opaque, SpecialEngine=0, TwoSided=0, TSNormal=1, Masked=0, Distorted=0, WritesEveryPixel=1, ModifiesMeshPosition=0, Usage={bUsedWithStaticLighting}"
"/Game/MobileStarterContent/Materials/M_Rock_Slate.M_Rock_Slate","14","45","0","10","202","Compiling M_Rock_Slate: Platform=PCD3D_ES31, Usage=LightingModel=MSM_DefaultLit, BlendMode=BLEND_Opaque, SpecialEngine=0, TwoSided=0, TSNormal=1, Masked=0, Distorted=0, WritesEveryPixel=1, ModifiesMeshPosition=0, Usage={bUsedWithStaticLighting}"
"/Game/MobileStarterContent/Materials/M_Rock_Sandstone.M_Rock_Sandstone","14","45","0","8","174","Compiling M_Rock_Sandstone: Platform=PCD3D_ES31, Usage=LightingModel=MSM_DefaultLit, BlendMode=BLEND_Opaque, SpecialEngine=0, TwoSided=0, TSNormal=1, Masked=0, Distorted=0, WritesEveryPixel=1, ModifiesMeshPosition=0, Usage={bUsedWithStaticLighting}"
"/Game/MobileStarterContent/Materials/M_Rock_Marble_Polished.M_Rock_Marble_Polished","14","45","0","9","226","Compiling M_Rock_Marble_Polished: Platform=PCD3D_ES31, Usage=LightingModel=MSM_DefaultLit, BlendMode=BLEND_Opaque, SpecialEngine=0, TwoSided=0, TSNormal=1, Masked=0, Distorted=0, WritesEveryPixel=1, ModifiesMeshPosition=0, Usage={bUsedWithStaticLighting}"
"/Game/MobileStarterContent/Materials/M_Rock_Basalt.M_Rock_Basalt","14","45","0","1","188","Compiling M_Rock_Basalt: Platform=PCD3D_ES31, Usage=LightingModel=MSM_DefaultLit, BlendMode=BLEND_Opaque, SpecialEngine=0, TwoSided=0, TSNormal=1, Masked=0, Distorted=0, WritesEveryPixel=1, ModifiesMeshPosition=0, Usage={bUsedWithStaticLighting}"
"/Game/MobileStarterContent/Materials/M_Metal_Steel.M_Metal_Steel","14","45","0","3","194","Compiling M_Metal_Steel: Platform=PCD3D_ES31, Usage=LightingModel=MSM_DefaultLit, BlendMode=BLEND_Opaque, SpecialEngine=0, TwoSided=0, TSNormal=1, Masked=0, Distorted=0, WritesEveryPixel=1, ModifiesMeshPosition=0, Usage={bUsedWithStaticLighting}"
"/Game/MobileStarterContent/Materials/M_Metal_Rust.M_Metal_Rust","14","45","0","8","174","Compiling M_Metal_Rust: Platform=PCD3D_ES31, Usage=LightingModel=MSM_DefaultLit, BlendMode=BLEND_Opaque, SpecialEngine=0, TwoSided=0, TSNormal=1, Masked=0, Distorted=0, WritesEveryPixel=1, ModifiesMeshPosition=0, Usage={bUsedWithStaticLighting}"
"/Game/MobileStarterContent/Materials/M_Metal_Gold.M_Metal_Gold","14","45","0","10","192","Compiling M_Metal_Gold: Platform=PCD3D_ES31, Usage=LightingModel=MSM_DefaultLit, BlendMode=BLEND_Opaque, SpecialEngine=0, TwoSided=0, TSNormal=1, Masked=0, Distorted=0, WritesEveryPixel=1, ModifiesMeshPosition=0, Usage={bUsedWithStaticLighting}"
"/Game/MobileStarterContent/Materials/M_Metal_Copper.M_Metal_Copper","14","45","0","8","174","Compiling M_Metal_Copper: Platform=PCD3D_ES31, Usage=LightingModel=MSM_DefaultLit, BlendMode=BLEND_Opaque, SpecialEngine=0, TwoSided=0, TSNormal=1, Masked=0, Distorted=0, WritesEveryPixel=1, ModifiesMeshPosition=0, Usage={bUsedWithStaticLighting}"
"/Game/MobileStarterContent/Materials/M_Metal_Chrome.M_Metal_Chrome","14","45","0","10","216","Compiling M_Metal_Chrome: Platform=PCD3D_ES31, Usage=LightingModel=MSM_DefaultLit, BlendMode=BLEND_Opaque, SpecialEngine=0, TwoSided=0, TSNormal=1, Masked=0, Distorted=0, WritesEveryPixel=1, ModifiesMeshPosition=0, Usage={bUsedWithStaticLighting}"
"/Game/MobileStarterContent/Materials/M_Metal_Burnished_Steel.M_Metal_Burnished_Steel","14","45","0","8","179","Compiling M_Metal_Burnished_Steel: Platform=PCD3D_ES31, Usage=LightingModel=MSM_DefaultLit, BlendMode=BLEND_Opaque, SpecialEngine=0, TwoSided=0, TSNormal=1, Masked=0, Distorted=0, WritesEveryPixel=1, ModifiesMeshPosition=0, Usage={bUsedWithStaticLighting}"
"/Game/MobileStarterContent/Materials/M_Metal_Brushed_Nickel.M_Metal_Brushed_Nickel","14","45","0","10","207","Compiling M_Metal_Brushed_Nickel: Platform=PCD3D_ES31, Usage=LightingModel=MSM_DefaultLit, BlendMode=BLEND_Opaque, SpecialEngine=0, TwoSided=0, TSNormal=1, Masked=0, Distorted=0, WritesEveryPixel=1, ModifiesMeshPosition=0, Usage={bUsedWithStaticLighting}"
"/Game/MobileStarterContent/Materials/M_Ground_Moss.M_Ground_Moss","14","45","0","8","174","Compiling M_Ground_Moss: Platform=PCD3D_ES31, Usage=LightingModel=MSM_DefaultLit, BlendMode=BLEND_Opaque, SpecialEngine=0, TwoSided=0, TSNormal=1, Masked=0, Distorted=0, WritesEveryPixel=1, ModifiesMeshPosition=0, Usage={bUsedWithStaticLighting}"
"/Game/MobileStarterContent/Materials/M_Ground_Gravel.M_Ground_Gravel","14","45","0","10","244","Compiling M_Ground_Gravel: Platform=PCD3D_ES31, Usage=LightingModel=MSM_DefaultLit, BlendMode=BLEND_Opaque, SpecialEngine=0, TwoSided=0, TSNormal=1, Masked=0, Distorted=0, WritesEveryPixel=1, ModifiesMeshPosition=0, Usage={bUsedWithStaticLighting}"
"/Game/MobileStarterContent/Materials/M_Concrete_Tiles.M_Concrete_Tiles","14","45","0","10","174","Compiling M_Concrete_Tiles: Platform=PCD3D_ES31, Usage=LightingModel=MSM_DefaultLit, BlendMode=BLEND_Opaque, SpecialEngine=0, TwoSided=0, TSNormal=1, Masked=0, Distorted=0, WritesEveryPixel=1, ModifiesMeshPosition=0, Usage={bUsedWithStaticLighting}"
"/Game/MobileStarterContent/Materials/M_Concrete_Poured.M_Concrete_Poured","14","45","0","10","209","Compiling M_Concrete_Poured: Platform=PCD3D_ES31, Usage=LightingModel=MSM_DefaultLit, BlendMode=BLEND_Opaque, SpecialEngine=0, TwoSided=0, TSNormal=1, Masked=0, Distorted=0, WritesEveryPixel=1, ModifiesMeshPosition=0, Usage={bUsedWithStaticLighting}"
"/Game/MobileStarterContent/Materials/M_Concrete_Panels.M_Concrete_Panels","14","45","0","8","174","Compiling M_Concrete_Panels: Platform=PCD3D_ES31, Usage=LightingModel=MSM_DefaultLit, BlendMode=BLEND_Opaque, SpecialEngine=0, TwoSided=0, TSNormal=1, Masked=0, Distorted=0, WritesEveryPixel=1, ModifiesMeshPosition=0, Usage={bUsedWithStaticLighting}"
"/Game/MobileStarterContent/Materials/M_Concrete_Grime.M_Concrete_Grime","14","45","0","10","262","Compiling M_Concrete_Grime: Platform=PCD3D_ES31, Usage=LightingModel=MSM_DefaultLit, BlendMode=BLEND_Opaque, SpecialEngine=0, TwoSided=0, TSNormal=1, Masked=0, Distorted=0, WritesEveryPixel=1, ModifiesMeshPosition=0, Usage={bUsedWithStaticLighting}"
"/Game/MobileStarterContent/Materials/M_CobbleStone_Smooth.M_CobbleStone_Smooth","14","45","0","8","174","Compiling M_CobbleStone_Smooth: Platform=PCD3D_ES31, Usage=LightingModel=MSM_DefaultLit, BlendMode=BLEND_Opaque, SpecialEngine=0, TwoSided=0, TSNormal=1, Masked=0, Distorted=0, WritesEveryPixel=1, ModifiesMeshPosition=0, Usage={bUsedWithStaticLighting}"
"/Game/MobileStarterContent/Materials/M_CobbleStone_Rough.M_CobbleStone_Rough","14","45","0","1","228","Compiling M_CobbleStone_Rough: Platform=PCD3D_ES31, Usage=LightingModel=MSM_DefaultLit, BlendMode=BLEND_Opaque, SpecialEngine=0, TwoSided=0, TSNormal=1, Masked=0, Distorted=0, WritesEveryPixel=1, ModifiesMeshPosition=0, Usage={bUsedWithStaticLighting}"
"/Game/MobileStarterContent/Materials/M_CobbleStone_Pebble.M_CobbleStone_Pebble","14","45","0","10","176","Compiling M_CobbleStone_Pebble: Platform=PCD3D_ES31, Usage=LightingModel=MSM_DefaultLit, BlendMode=BLEND_Opaque, SpecialEngine=0, TwoSided=0, TSNormal=1, Masked=0, Distorted=0, WritesEveryPixel=1, ModifiesMeshPosition=0, Usage={bUsedWithStaticLighting}"
"/Game/MobileStarterContent/Materials/M_Ceramic_Tile_Checker.M_Ceramic_Tile_Checker","14","45","0","10","186","Compiling M_Ceramic_Tile_Checker: Platform=PCD3D_ES31, Usage=LightingModel=MSM_DefaultLit, BlendMode=BLEND_Opaque, SpecialEngine=0, TwoSided=0, TSNormal=1, Masked=0, Distorted=0, WritesEveryPixel=1, ModifiesMeshPosition=0, Usage={bUsedWithStaticLighting}"
"/Game/MobileStarterContent/Materials/M_Brick_Hewn_Stone.M_Brick_Hewn_Stone","14","45","0","8","180","Compiling M_Brick_Hewn_Stone: Platform=PCD3D_ES31, Usage=LightingModel=MSM_DefaultLit, BlendMode=BLEND_Opaque, SpecialEngine=0, TwoSided=0, TSNormal=1, Masked=0, Distorted=0, WritesEveryPixel=1, ModifiesMeshPosition=0, Usage={bUsedWithStaticLighting}"
"/Game/MobileStarterContent/Materials/M_Brick_Cut_Stone.M_Brick_Cut_Stone","14","45","0","8","196","Compiling M_Brick_Cut_Stone: Platform=PCD3D_ES31, Usage=LightingModel=MSM_DefaultLit, BlendMode=BLEND_Opaque, SpecialEngine=0, TwoSided=0, TSNormal=1, Masked=0, Distorted=0, WritesEveryPixel=1, ModifiesMeshPosition=0, Usage={bUsedWithStaticLighting}"
"/Game/MobileStarterContent/Materials/M_Brick_Clay_Old.M_Brick_Clay_Old","14","45","0","8","175","Compiling M_Brick_Clay_Old: Platform=PCD3D_ES31, Usage=LightingModel=MSM_DefaultLit, BlendMode=BLEND_Opaque, SpecialEngine=0, TwoSided=0, TSNormal=1, Masked=0, Distorted=0, WritesEveryPixel=1, ModifiesMeshPosition=0, Usage={bUsedWithStaticLighting}"
"/Game/MobileStarterContent/Materials/M_Brick_Clay_New.M_Brick_Clay_New","14","45","0","3","207","Compiling M_Brick_Clay_New: Platform=PCD3D_ES31, Usage=LightingModel=MSM_DefaultLit, BlendMode=BLEND_Opaque, SpecialEngine=0, TwoSided=0, TSNormal=1, Masked=0, Distorted=0, WritesEveryPixel=1, ModifiesMeshPosition=0, Usage={bUsedWithStaticLighting}"
"/Game/MobileStarterContent/Materials/M_Brick_Clay_Beveled.M_Brick_Clay_Beveled","14","45","0","10","180","Compiling M_Brick_Clay_Beveled: Platform=PCD3D_ES31, Usage=LightingModel=MSM_DefaultLit, BlendMode=BLEND_Opaque, SpecialEngine=0, TwoSided=0, TSNormal=1, Masked=0, Distorted=0, WritesEveryPixel=1, ModifiesMeshPosition=0, Usage={bUsedWithStaticLighting}"
"/Game/MobileStarterContent/Materials/M_Ground_Grass.M_Ground_Grass","14","45","0","7","202","Compiling M_Ground_Grass: Platform=PCD3D_ES31, Usage=LightingModel=MSM_DefaultLit, BlendMode=BLEND_Opaque, SpecialEngine=0, TwoSided=0, TSNormal=1, Masked=0, Distorted=0, WritesEveryPixel=1, ModifiesMeshPosition=0, Usage={bUsedWithStaticLighting}"
"/Game/MobileStarterContent/Props/Materials/M_Lamp.M_Lamp","14","45","0","11","150","Compiling M_Lamp: Platform=PCD3D_ES31, Usage=LightingModel=MSM_DefaultLit, BlendMode=BLEND_Opaque, SpecialEngine=0, TwoSided=0, TSNormal=1, Masked=0, Distorted=0, WritesEveryPixel=1, ModifiesMeshPosition=0, Usage={bUsedWithStaticLighting}"
"/Game/MobileStarterContent/Particles/Materials/M_Spark.M_Spark","14","6","0","6","6","Compiling M_Spark: Platform=PCD3D_ES31, Usage=LightingModel=MSM_Unlit, BlendMode=BLEND_Additive, SpecialEngine=0, TwoSided=0, TSNormal=1, Masked=0, Distorted=0, WritesEveryPixel=1, ModifiesMeshPosition=0, Usage={bUsedWithParticleSprites}"
"/Game/MobileStarterContent/Particles/Materials/M_Radial_Gradient.M_Radial_Gradient","14","8","0","8","11","Compiling M_Radial_Gradient: Platform=PCD3D_ES31, Usage=LightingModel=MSM_Unlit, BlendMode=BLEND_Translucent, SpecialEngine=0, TwoSided=0, TSNormal=1, Masked=0, Distorted=0, WritesEveryPixel=1, ModifiesMeshPosition=0, Usage={bUsedWithParticleSprites,bUsedWithBeamTrails}"
"/Game/MobileStarterContent/Particles/Materials/M_smoke_subUV.M_smoke_subUV","14","30","0","8","90","Compiling M_smoke_subUV: Platform=PCD3D_ES31, Usage=LightingModel=MSM_DefaultLit, BlendMode=BLEND_Translucent, SpecialEngine=0, TwoSided=0, TSNormal=1, Masked=0, Distorted=0, WritesEveryPixel=1, ModifiesMeshPosition=0, Usage={bUsedWithParticleSprites}"
"/Game/MobileStarterContent/Particles/Materials/M_Fire_SubUV.M_Fire_SubUV","14","6","0","6","6","Compiling M_Fire_SubUV: Platform=PCD3D_ES31, Usage=LightingModel=MSM_Unlit, BlendMode=BLEND_Translucent, SpecialEngine=0, TwoSided=0, TSNormal=1, Masked=0, Distorted=0, WritesEveryPixel=1, ModifiesMeshPosition=0, Usage={bUsedWithParticleSprites}"
"/Engine/EngineSky/M_Sky_Panning_Clouds2.M_Sky_Panning_Clouds2","14","2","0","2","2","Compiling M_Sky_Panning_Clouds2: Platform=PCD3D_ES31, Usage=LightingModel=MSM_Unlit, BlendMode=BLEND_Opaque, SpecialEngine=0, TwoSided=0, TSNormal=1, Masked=0, Distorted=0, WritesEveryPixel=1, ModifiesMeshPosition=0, Usage={bUsedWithStaticLighting}"
